{
    "_id" : -6711303002819172,
    "alFlags" : [
        1,
        2,
        23,
        27
    ],
    "diffmaglim" : 19.1721000671387,
    "fid" : 1,
    "jd" : 2458425.6303009,
    "rcid" : 28
}
,
{
    "_id" : -6741515742819730,
    "alFlags" : [
        1,
        2,
        23,
        27
    ],
    "diffmaglim" : 19.7304992675781,
    "fid" : 1,
    "jd" : 2458428.6515741,
    "rcid" : 28
}
,
{
    "_id" : -6751501852820262,
    "alFlags" : [
        1,
        2,
        23,
        27
    ],
    "diffmaglim" : 20.2621994018555,
    "fid" : 1,
    "jd" : 2458429.6501852,
    "rcid" : 28
}
,
{
    "_id" : -6761217822820635,
    "alFlags" : [
        1,
        2,
        23,
        27
    ],
    "diffmaglim" : 20.6354999542236,
    "fid" : 1,
    "jd" : 2458430.6217824,
    "rcid" : 28
}
,
{
    "_id" : -6770995482819579,
    "alFlags" : [
        1,
        2,
        23,
        27
    ],
    "diffmaglim" : 19.5786991119385,
    "fid" : 1,
    "jd" : 2458431.5995486,
    "rcid" : 28
}
,
{
    "_id" : 679092602815015022,
    "aimage" : 0.73199999332428,
    "aimagerat" : 0.247297301888466,
    "alFlags" : [
        1,
        2,
        24,
        27
    ],
    "bimage" : 0.656000018119812,
    "bimagerat" : 0.221621617674828,
    "chinr" : 1.32599997520447,
    "chipsf" : 1.19059360027313,
    "classtar" : 0.964999973773956,
    "clrcoeff" : 0.109723001718521,
    "clrcounc" : 5.24479992236593e-06,
    "clrmed" : 0.771000027656555,
    "clrrms" : 0.204873993992805,
    "dec" : 11.1786226,
    "decnr" : 11.1786763,
    "diffmaglim" : 19.6642227172852,
    "distnr" : 0.229392856359482,
    "distpsnr1" : 0.165360972285271,
    "distpsnr2" : 5.93873357772827,
    "distpsnr3" : 5.93990659713745,
    "dsdiff" : -9.77590942382812,
    "dsnrms" : 13.0007438659668,
    "elong" : 1.11585366725922,
    "exptime" : 30.0,
    "fid" : 2,
    "field" : 539,
    "fwhm" : 2.96000003814697,
    "isdiffpos" : "t",
    "jd" : 2458433.5926042,
    "jdendhist" : 2458433.5926042,
    "jdendref" : 2458314.916285,
    "jdstarthist" : 2458289.8277199,
    "jdstartref" : 2458187.033692,
    "magap" : 18.8469009399414,
    "magapbig" : 18.9796009063721,
    "magdiff" : 0.283861994743347,
    "magfromlim" : 0.817322134971619,
    "maggaia" : 20.1960144042969,
    "maggaiabright" : 12.4687385559082,
    "magnr" : 18.1599998474121,
    "magpsf" : 18.5630378723145,
    "magzpsci" : 26.0140380859375,
    "magzpscirms" : 0.0286919996142387,
    "magzpsciunc" : 3.90000013794634e-06,
    "mindtoedge" : 1184.17834472656,
    "nbad" : 0,
    "ncovhist" : 344,
    "ndethist" : 136,
    "neargaia" : 0.16588819026947,
    "neargaiabright" : 34.2867813110352,
    "nframesref" : 15,
    "nid" : 679,
    "nmatches" : 1444,
    "nmtchps" : 83,
    "nneg" : 2,
    "objectidps1" : 121412823702424897,
    "objectidps2" : 121412823718025486,
    "objectidps3" : 121412823689736153,
    "pdiffimfilename" : "ztf_20181111092593_000539_zr_c08_o_q1_scimrefdiffimg.fits",
    "pid" : 679092602815,
    "programid" : 1,
    "programpi" : "Kulkarni",
    "ra" : 282.3702257,
    "ranr" : 282.3701885,
    "rb" : 0.779999971389771,
    "rbversion" : "t8_f5_c3",
    "rcid" : 28,
    "rfid" : 539120228,
    "scorr" : 7.11303567886353,
    "seeratio" : 0.863326191902161,
    "sgmag1" : 21.0186004638672,
    "sgmag2" : 19.5988006591797,
    "sgmag3" : 20.7206001281738,
    "sgscore1" : 0.52020800113678,
    "sgscore2" : 0.863452017307281,
    "sgscore3" : 0.856616020202637,
    "sharpnr" : -0.0219999998807907,
    "sigmagap" : 0.181199997663498,
    "sigmagapbig" : 0.262100011110306,
    "sigmagnr" : 0.0320000015199184,
    "sigmapsf" : 0.0983046144247055,
    "simag1" : 20.2740993499756,
    "simag2" : 18.2870998382568,
    "simag3" : 19.1557998657227,
    "sky" : -0.0669545978307724,
    "srmag1" : 20.7896995544434,
    "srmag2" : 18.7383003234863,
    "srmag3" : 19.6735992431641,
    "ssdistnr" : -999.0,
    "ssmagnr" : -999.0,
    "ssnamenr" : "null",
    "ssnrms" : 22.7766532897949,
    "sumrat" : 1.0,
    "szmag1" : 19.6797008514404,
    "szmag2" : 18.0606002807617,
    "szmag3" : 18.9062995910645,
    "tblid" : 22,
    "tooflag" : 0,
    "xpos" : 1888.32165527344,
    "ypos" : 1705.01403808594,
    "zpclrcov" : -4.38999995822087e-06,
    "zpmed" : 26.1025009155273
}
,
{
    "_id" : 671089222815010014,
    "aimage" : 0.672999978065491,
    "aimagerat" : 0.3315269947052,
    "alFlags" : [
        1,
        2,
        24,
        27
    ],
    "bimage" : 0.606000006198883,
    "bimagerat" : 0.298521995544434,
    "chinr" : 1.32599997520447,
    "chipsf" : 12.9209995269775,
    "classtar" : 1.0,
    "dec" : 11.1786578,
    "decnr" : 11.1786763,
    "diffmaglim" : 20.2984008789062,
    "distnr" : 0.0662959963083267,
    "elong" : 1.11056005954742,
    "fid" : 2,
    "field" : 539,
    "fwhm" : 2.02999997138977,
    "isdiffpos" : "f",
    "jd" : 2458425.5892245,
    "magap" : 18.3859996795654,
    "magapbig" : 18.4407997131348,
    "magdiff" : 0.125483006238937,
    "magfromlim" : 1.91243994235992,
    "magnr" : 18.1599998474121,
    "magpsf" : 18.2604999542236,
    "mindtoedge" : 1184.15002441406,
    "nbad" : 0,
    "nid" : 671,
    "nneg" : 5,
    "pdiffimfilename" : "ztf_20181103089225_000539_zr_c08_o_q1_scimrefdiffimg.fits",
    "pid" : 671089222815,
    "programid" : 1,
    "programpi" : "Kulkarni",
    "ra" : 282.3701906,
    "ranr" : 282.3701885,
    "rb" : 0.693333029747009,
    "rbversion" : "t12_f5_c3",
    "rcid" : 28,
    "scorr" : 11.119,
    "seeratio" : 1.19897997379303,
    "sharpnr" : -0.0219999998807907,
    "sigmagap" : 0.0701000019907951,
    "sigmagapbig" : 0.0944999977946281,
    "sigmagnr" : 0.0320000015199184,
    "sigmapsf" : 0.0908849984407425,
    "sky" : -2.69319009780884,
    "ssdistnr" : null,
    "ssmagnr" : null,
    "ssnamenr" : null,
    "sumrat" : 0.952947974205017,
    "tblid" : 14,
    "xpos" : 1888.34997558594,
    "ypos" : 1701.42004394531
}
,
{
    "_id" : 673102702815010015,
    "aimage" : 0.754000008106232,
    "aimagerat" : 0.355659991502762,
    "alFlags" : [
        1,
        2,
        24,
        27
    ],
    "bimage" : 0.629000008106232,
    "bimagerat" : 0.296698004007339,
    "chinr" : 1.32599997520447,
    "chipsf" : 3.90890002250671,
    "classtar" : 0.981000006198883,
    "dec" : 11.1786812,
    "decnr" : 11.1786763,
    "diffmaglim" : 19.5202007293701,
    "distnr" : 0.0320339985191822,
    "elong" : 1.19872999191284,
    "fid" : 2,
    "field" : 539,
    "fwhm" : 2.11999988555908,
    "isdiffpos" : "f",
    "jd" : 2458427.6027083,
    "magap" : 18.2901992797852,
    "magapbig" : 18.3171005249023,
    "magdiff" : 0.00974899996072054,
    "magfromlim" : 1.23004996776581,
    "magnr" : 18.1599998474121,
    "magpsf" : 18.2805004119873,
    "mindtoedge" : 1202.38000488281,
    "nbad" : 0,
    "nid" : 673,
    "nneg" : 1,
    "pdiffimfilename" : "ztf_20181105102708_000539_zr_c08_o_q1_scimrefdiffimg.fits",
    "pid" : 673102702815,
    "programid" : 1,
    "programpi" : "Kulkarni",
    "ra" : 282.3701987,
    "ranr" : 282.3701885,
    "rb" : 0.736666977405548,
    "rbversion" : "t12_f5_c3",
    "rcid" : 28,
    "scorr" : 10.0766,
    "seeratio" : 1.22848999500275,
    "sharpnr" : -0.0219999998807907,
    "sigmagap" : 0.120600000023842,
    "sigmagapbig" : 0.158800005912781,
    "sigmagnr" : 0.0320000015199184,
    "sigmapsf" : 0.105016000568867,
    "sky" : -0.150208994746208,
    "ssdistnr" : null,
    "ssmagnr" : null,
    "ssnamenr" : null,
    "sumrat" : 1.0,
    "tblid" : 15,
    "xpos" : 1870.11999511719,
    "ypos" : 1693.5400390625
}
,
{
    "_id" : 674101652815010016,
    "aimage" : 0.842999994754791,
    "aimagerat" : 0.338553994894028,